id,score
0000aaaa,-8.099139318876524
2222bbbb,-8.099139318876524
4444cccc,-8.099139318876524
